Tidaholms MK,2024,#,Namn,Klubb,
,,900,Hans Torsborn,Ulricehamns MK,
,,902,Peter Berggren,BMK Uddevalla,
,,903,Björn Bäckström,MK Ran,
,,905,Per Norlander,Kullings MS,
,,906,Anders Billestedt Andersson,Stenungsunds MS,
,,908,Johan Alexandersson,Götene MK,
,,912,Lars-Olof Lindström,FMCK Borås,
,,913,Daniel Blomqvist,FMCK Skövde,
,,914,Niklas Utterberg,Norrahammars MK,
,,915,Martin Jonsson,Töreboda MK,
,,917,Fredrik Hassesjö,Kullings MS,
,,920,Christoffer Johnsson,Hisingens MK,
,,921,Mattias Roslund,Försvarsmaktens EK,
,,922,Mikael Sahlin,Lidköpings MCK,
,,924,Sebastian Carlsson,SMK Vadstena,
,,927,Mikael Dalåsen,SMK Trollhättan,
,,929,Daniel Lundqvist,Töreboda MK,
,,931,Andreas Leth,Älvbygdens MK,
,,934,Johan Karlsson,Älvbygdens MK,
,,937,David Rudhem,Lidköpings MCK,
,,945,Markus Björklund,Hjo MK,
,,962,Jonas Bergqvist,Skene MS,
,,966,Jimmy Andersson,Stenungsunds MS,
,,971,Jonas Gustafsson,Götene MK,
,,973,Ola Daniel Strandvad,Viking,
,,974,Jonas Svensson,Hallsbergs MK,
,,978,Kim Dubriang,Limhamns MK,
,,985,Joakim Ericsson,Töreboda MK,
,,990,Johan Kjellson,FMCK Skövde,
,,998,Andreas Sandberg,FMCK Borås,
,,999,Johan Törnqvist,FMCK Skövde,
,,1006,Anton Bernhardsson,Kortedala MK,
,,911,Robert Ahlin,Falköpings MK,
,,501,Robert Hjalmarsson,MK Pionjär,
,,502,Marwin Wik,Skene MS,
,,503,Christopher Skansen,Kinds MK,
,,504,Christer Strand,Tibro MK,
,,505,Viktor Blom,Skene MS,
,,506,Robert Stafsing,Varbergs MK,
,,508,Maria Thomsen,FMCK Borås,
,,509,Hugo Lindström,FMCK Borås,
,,510,Simon Gustafsson,Älvbygdens MK,
,,511,Dennis Ring,FMCK Borås,
,,513,Niklas Kedén,Hjo MK,
,,517,Patric Gustafsson,Huskvarna MK,
,,530,Patrik Olsson,Lilla Edets MCK,
,,547,Felix Johansson,Kinds MK,
,,550,Eric Gustafsson,SMK Vingåker,
,,556,Tommy Gustafsson,Huskvarna MK,
,,585,Ludvig Bernhardsson,Kortedala MK,
,,590,Tobias Hagelin,FMCK Borås,
,,594,Anton Torgin,Donkelo RK,
,,622,Oscar Kalliomäki Berg,Lilla Edets MCK,
,,757,Simon Karlsson,Stenungsunds MS,
,,102,Liam Qvist,Åbågen MCK,
,,103,Anton Magnusson,Norrahammars MK,
,,104,Lisa Nyqvist,Stenungsunds MS,
,,106,Hampus Andersson,Tibro MK,
,,113,Benjamin Bengtsson,Falköpings MK,
,,120,Albin Glansén,Tidaholms MK,
,,121,William Larsson,FMCK Skövde,
,,141,William Brehag Von Haugwitz,Carlsborgs MK,
,,163,Erik Frisagård,Getinge MK,
,,176,Leo Revelj,BMK Uddevalla,
,,186,Felix Johansson,Skene MS,
,,199,William Blom,Skene MS,
