Tidaholms MK,2024,#,Namn,Klubb
,,,Niklas Fransson,Vimmerby MS
,,900,Hans Torsborn,Ulricehamns MK
,,902,Peter Berggren,BMK Uddevalla
,,903,Björn Bäckström,MK Ran
,,904,Rickard Persson,Tibro MK
,,905,Per Norlander,Kullings MS
,,906,Anders Billestedt Andersson,Stenungsunds MS
,,908,Johan Alexandersson,Götene MK
,,909,Christer Huss,Göta MS
,,911,Robert Ahlin,Falköpings MK
,,912,Lars-Olof Lindström,FMCK Borås
,,913,Daniel Blomqvist,FMCK Skövde
,,914,Niklas Utterberg,Norrahammars MK
,,915,Martin Jonsson,Töreboda MK
,,916,Andreas Dahlström,Lidköpings MCK
,,917,Fredrik Hassesjö,Kullings MS
,,918,Andréas Svensson,Stenungsunds MS
,,920,Christoffer Johnsson,Hisingens MK
,,921,Mattias Roslund,Försvarsmaktens EK
,,922,Mikael Sahlin,Lidköpings MCK
,,923,Cristoffer Matlak,Alingsås MCK
,,924,Sebastian Carlsson,SMK Vadstena
,,926,Kristian Trygg,Falköpings MK
,,927,Mikael Dalåsen,SMK Trollhättan
,,929,Daniel Lundqvist,Töreboda MK
,,930,Håkan Lykkeberg,BMK Uddevalla
,,931,Andreas Leth,Älvbygdens MK
,,932,Tomas Blom,Hallsbergs MK
,,933,Rikard Skerget,Stenungsunds MS
,,934,Johan Karlsson,Älvbygdens MK
,,935,Stefan Liljedahl,Tibro MK
,,936,Fredrik Erlandsson,Norrahammars MK
,,937,David Rudhem,Lidköpings MCK
,,938,Per Karlsson,SMK Vadstena
,,939,Henrik Hermansson,SMK Vadstena
,,940,Daniel Fridérus,Ulricehamns MK
,,941,Fredrik Kron,Falköpings MK
,,943,Mårten Gustavsson,Försvarsmaktens EK
,,945,Markus Björklund,Hjo MK
,,946,Jonny Zäll,Hjo MK
,,947,Michael Carlsson,Skara MK
,,948,Emil Kårlin,Lilla Edets MCK
,,949,Benny Andersson,Norrahammars MK
,,951,Karl Henrik Johan Wass,Götene MK
,,953,Magnus Enander,Ulricehamns MK
,,956,Mikael Bengtsson,Falköpings MK
,,957,Henrik Klövmark,Ma Lerum
,,958,Erik Bergstrand,Oskarshamns MSK
,,960,Fredric Randström,Hagfors MS
,,962,Jonas Bergqvist,Skene MS
,,966,Jimmy Andersson,Stenungsunds MS
,,969,Richard Carlsson,FMCK Skövde
,,971,Jonas Gustafsson,Götene MK
,,972,Andreas Jorlöv,Kullings MS
,,973,Ola Daniel Strandvad,RR KLUB VIKING
,,974,Jonas Svensson,Hallsbergs MK
,,976,Henrik Magnusson,Skene MS
,,977,Sam Hämäläinen,Tibro MK
,,978,Kim Dubriang,Limhamns MK
,,979,Martin Börjesson,FMCK Borås
,,980,Mark Edvardsson,Alingsås MCK
,,981,John Ulinder,Götene MK
,,982,Henric Reimer,FMCK Borås
,,984,Robban Markusson,SMK Vadstena
,,985,Joakim Ericsson,Töreboda MK
,,986,Oskar Jonzon,FMCK Skövde
,,987,Christian Johansson,Tidaholms MK
,,989,David Andersson,MCK Hallandia
,,990,Johan Kjellson,FMCK Skövde
,,991,Patrik Förkrök Ledström,SMK Vadstena
,,992,Hannu Ylipekkala,Anderstorp RC
,,993,Johan Olsson,SMK Värnamo
,,994,Niklas Strömberg,Götene MK
,,995,Johan Elfving,Ulricehamns MK
,,996,Filip Starck,Norrahammars MK
,,998,Andreas Sandberg,FMCK Borås
,,999,Johan Törnqvist,FMCK Skövde
,,1001,Robert Strandberg,Hjo MK
,,1006,Anton Bernhardsson,Kortedala MK
,,1111,Magnus Edberg,Huskvarna MK
,,1121,Andreas Lambert Melander,Lilla Edets MCK
